id,requirement
LAWNMOWER-INF-R001,"The lawnmower shall contain engine, blade, deck, frontLeftWheel, frontRightWheel, rearLeftWheel, rearRightWheel, and handle parts."
LAWNMOWER-INF-R002,"The lawnmower shall connect engine to deck."
LAWNMOWER-INF-R003,"The lawnmower shall connect engine to blade."
LAWNMOWER-INF-R004,"The lawnmower shall connect deck to frontLeftWheel."
LAWNMOWER-INF-R005,"The lawnmower shall connect deck to frontRightWheel."
LAWNMOWER-INF-R006,"The lawnmower shall connect deck to rearLeftWheel."
LAWNMOWER-INF-R007,"The lawnmower shall connect deck to rearRightWheel."
LAWNMOWER-INF-R008,"The lawnmower shall connect deck to handle."
LAWNMOWER-INF-R009,"The Engine shall contain piston, connectingRod, crankshaft, crankshaftBearing, and engineBlock parts."
LAWNMOWER-INF-R010,"The Engine shall connect piston.pistonPort to connectingRod.connectingRodPort."
LAWNMOWER-INF-R011,"The Engine shall connect connectingRod.connectingRodCrankPort to crankshaft.crankshaftPort."
LAWNMOWER-INF-R012,"The Engine shall connect crankshaft.crankshaftBearingPort to crankshaftBearing.bearingPort."
LAWNMOWER-INF-R013,"The Engine shall connect crankshaftBearing.bearingBlockPort to engineBlock.engineBlockPort."
LAWNMOWER-INF-R014,"The Engine shall connect engineBlock.cylinderPort to piston.cylinderPort."
LAWNMOWER-INF-R015,"The piston part shall have an output port pistonPort typed by ForcePort."
LAWNMOWER-INF-R016,"The piston part shall have an input port cylinderPort typed by ForcePort."
LAWNMOWER-INF-R017,"The connectingRod part shall have an input port connectingRodPort typed by ForcePort."
LAWNMOWER-INF-R018,"The connectingRod part shall have an output port connectingRodCrankPort typed by ForcePort."
LAWNMOWER-INF-R019,"The crankshaft part shall have an input port crankshaftPort typed by ForcePort."
LAWNMOWER-INF-R020,"The crankshaft part shall have an output port crankshaftBearingPort typed by ForcePort."
LAWNMOWER-INF-R021,"The crankshaftBearing part shall have an input port bearingPort typed by ForcePort."
LAWNMOWER-INF-R022,"The crankshaftBearing part shall have an output port bearingBlockPort typed by ForcePort."
LAWNMOWER-INF-R023,"The engineBlock part shall have an input port engineBlockPort typed by ForcePort."
LAWNMOWER-INF-R024,"The engineBlock part shall have an output port cylinderPort typed by ForcePort."
LAWNMOWER-INF-R025,"The Wheel shall contain rim and tire parts."
